SeqId,NussinovFolderFolding Tns,
seq_10_0,22218900,
seq_10_1,179800,
seq_10_2,74500,
seq_10_3,84400,
seq_10_4,72300,
seq_10_5,69200,
seq_10_6,62700,
seq_10_7,93100,
seq_10_8,56300,
seq_10_9,65500,
seq_10_10,61400,
seq_10_11,86800,
seq_10_12,501500,
seq_10_13,184400,
seq_10_14,130000,
seq_10_15,112400,
seq_10_16,67000,
seq_10_17,127700,
seq_10_18,130800,
seq_10_19,189100,
seq_10_20,65100,
seq_10_21,61300,
seq_10_22,58100,
seq_10_23,63300,
seq_10_24,71700,
seq_10_25,72200,
seq_10_26,63100,
seq_10_27,66600,
seq_10_28,58200,
seq_10_29,112100,
seq_10_30,72700,
seq_10_31,165400,
seq_10_32,61700,
seq_10_33,52600,
seq_10_34,116100,
seq_10_35,88700,
seq_10_36,41900,
seq_10_37,50400,
seq_10_38,53000,
seq_10_39,91600,
seq_10_40,106900,
seq_10_41,116900,
seq_10_42,75800,
seq_10_43,106900,
seq_10_44,129700,
seq_10_45,176400,
seq_10_46,108500,
seq_10_47,124400,
seq_10_48,116900,
seq_10_49,118800,
seq_10_50,121300,
seq_10_51,96200,
seq_10_52,100900,
seq_10_53,109900,
seq_10_54,97700,
seq_10_55,117200,
seq_10_56,113900,
seq_10_57,43800,
seq_10_58,52400,
seq_10_59,53500,
seq_10_60,51400,
seq_10_61,48700,
seq_10_62,53100,
seq_10_63,116300,
seq_10_64,53600,
seq_10_65,47600,
seq_10_66,57500,
seq_10_67,108600,
seq_10_68,113700,
seq_10_69,109900,
seq_10_70,112400,
seq_10_71,61500,
seq_10_72,49400,
seq_10_73,112200,
seq_10_74,113200,
seq_10_75,100700,
seq_10_76,119800,
seq_10_77,94500,
seq_10_78,107100,
seq_10_79,115300,
seq_10_80,105500,
seq_10_81,99800,
seq_10_82,117900,
seq_10_83,109800,
seq_10_84,105000,
seq_10_85,107700,
seq_10_86,111100,
seq_10_87,93100,
seq_10_88,101300,
seq_10_89,122600,
seq_10_90,104200,
seq_10_91,97900,
seq_10_92,109600,
seq_10_93,107200,
seq_10_94,99600,
seq_10_95,107600,
seq_10_96,112300,
seq_10_97,106700,
seq_10_98,99800,
seq_10_99,99200,
seq_20_0,661300,
seq_20_1,685700,
seq_20_2,633000,
seq_20_3,708600,
seq_20_4,177300,
seq_20_5,146100,
seq_20_6,167100,
seq_20_7,143400,
seq_20_8,142800,
seq_20_9,148200,
seq_20_10,135800,
seq_20_11,131100,
seq_20_12,142300,
seq_20_13,155000,
seq_20_14,151100,
seq_20_15,131500,
seq_20_16,135000,
seq_20_17,146000,
seq_20_18,130200,
seq_20_19,128500,
seq_20_20,133700,
seq_20_21,134100,
seq_20_22,129500,
seq_20_23,125200,
seq_20_24,117800,
seq_20_25,116000,
seq_20_26,144600,
seq_20_27,123700,
seq_20_28,127000,
seq_20_29,128100,
seq_20_30,126500,
seq_20_31,129100,
seq_20_32,142300,
seq_20_33,131200,
seq_20_34,128100,
seq_20_35,133600,
seq_20_36,130800,
seq_20_37,130300,
seq_20_38,127100,
seq_20_39,124800,
seq_20_40,125200,
seq_20_41,124800,
seq_20_42,138400,
seq_20_43,131500,
seq_20_44,147700,
seq_20_45,131100,
seq_20_46,133100,
seq_20_47,129400,
seq_20_48,125900,
seq_20_49,127700,
seq_20_50,132700,
seq_20_51,128300,
seq_20_52,141300,
seq_20_53,130000,
seq_20_54,123800,
seq_20_55,130900,
seq_20_56,150900,
seq_20_57,132700,
seq_20_58,136200,
seq_20_59,129200,
seq_20_60,132900,
seq_20_61,126800,
seq_20_62,143900,
seq_20_63,134000,
seq_20_64,329900,
seq_20_65,144600,
seq_20_66,134000,
seq_20_67,137900,
seq_20_68,129400,
seq_20_69,124600,
seq_20_70,120000,
seq_20_71,176200,
seq_20_72,99600,
seq_20_73,114600,
seq_20_74,124300,
seq_20_75,119600,
seq_20_76,123300,
seq_20_77,128200,
seq_20_78,121800,
seq_20_79,122700,
seq_20_80,112300,
seq_20_81,132200,
seq_20_82,123400,
seq_20_83,108300,
seq_20_84,113800,
seq_20_85,103400,
seq_20_86,95200,
seq_20_87,105500,
seq_20_88,110300,
seq_20_89,109100,
seq_20_90,112000,
seq_20_91,122200,
seq_20_92,122300,
seq_20_93,120700,
seq_20_94,103100,
seq_20_95,527800,
seq_20_96,127300,
seq_20_97,124900,
seq_20_98,231300,
seq_20_99,122500,
seq_30_0,571200,
seq_30_1,573300,
seq_30_2,609100,
seq_30_3,330800,
seq_30_4,621100,
seq_30_5,345200,
seq_30_6,655500,
seq_30_7,439000,
seq_30_8,498600,
seq_30_9,403100,
seq_30_10,714200,
seq_30_11,389100,
seq_30_12,702900,
seq_30_13,394600,
seq_30_14,673400,
seq_30_15,391700,
seq_30_16,700200,
seq_30_17,536400,
seq_30_18,489900,
seq_30_19,384800,
seq_30_20,892000,
seq_30_21,377600,
seq_30_22,492900,
seq_30_23,390800,
seq_30_24,469900,
seq_30_25,3097800,
seq_30_26,705100,
seq_30_27,398700,
seq_30_28,690000,
seq_30_29,387000,
seq_30_30,731100,
seq_30_31,390200,
seq_30_32,661300,
seq_30_33,387500,
seq_30_34,663000,
seq_30_35,389300,
seq_30_36,750400,
seq_30_37,395300,
seq_30_38,704000,
seq_30_39,384700,
seq_30_40,660100,
seq_30_41,378500,
seq_30_42,701200,
seq_30_43,390000,
seq_30_44,652400,
seq_30_45,411200,
seq_30_46,547400,
seq_30_47,368400,
seq_30_48,429300,
seq_30_49,339400,
seq_30_50,938800,
seq_30_51,375200,
seq_30_52,488300,
seq_30_53,449000,
seq_30_54,432300,
seq_30_55,387400,
seq_30_56,433300,
seq_30_57,360000,
seq_30_58,420200,
seq_30_59,380000,
seq_30_60,461800,
seq_30_61,396700,
seq_30_62,473900,
seq_30_63,351700,
seq_30_64,436200,
seq_30_65,374800,
seq_30_66,441300,
seq_30_67,363200,
seq_30_68,405500,
seq_30_69,382800,
seq_30_70,723600,
seq_30_71,392000,
seq_30_72,743400,
seq_30_73,377400,
seq_30_74,691700,
seq_30_75,375000,
seq_30_76,678200,
seq_30_77,384900,
seq_30_78,715300,
seq_30_79,392500,
seq_30_80,658900,
seq_30_81,395200,
seq_30_82,719900,
seq_30_83,392400,
seq_30_84,705200,
seq_30_85,460600,
seq_30_86,667800,
seq_30_87,487800,
seq_30_88,763900,
seq_30_89,393200,
seq_30_90,732800,
seq_30_91,400600,
seq_30_92,943500,
seq_30_93,511700,
seq_30_94,672300,
seq_30_95,395400,
seq_30_96,1130500,
seq_30_97,592000,
seq_30_98,3287000,
seq_30_99,394300,
seq_40_0,776800,
seq_40_1,1111300,
seq_40_2,1106300,
seq_40_3,1139700,
seq_40_4,1097500,
seq_40_5,1119800,
seq_40_6,1091700,
seq_40_7,1100200,
seq_40_8,1083200,
seq_40_9,1110100,
seq_40_10,1083300,
seq_40_11,2993400,
seq_40_12,1083000,
seq_40_13,1098800,
seq_40_14,1134600,
seq_40_15,2007000,
seq_40_16,1167000,
seq_40_17,1107700,
seq_40_18,1074300,
seq_40_19,1079900,
seq_40_20,1116400,
seq_40_21,1056700,
seq_40_22,1105600,
seq_40_23,1334400,
seq_40_24,1091400,
seq_40_25,1221900,
seq_40_26,1063200,
seq_40_27,1087000,
seq_40_28,1068200,
seq_40_29,1095600,
seq_40_30,1093000,
seq_40_31,1113600,
seq_40_32,1738700,
seq_40_33,1083800,
seq_40_34,1230700,
seq_40_35,1909400,
seq_40_36,762400,
seq_40_37,818000,
seq_40_38,819100,
seq_40_39,1354700,
seq_40_40,829100,
seq_40_41,925100,
seq_40_42,1276100,
seq_40_43,3378200,
seq_40_44,16251600,
seq_40_45,804300,
seq_40_46,788800,
seq_40_47,990900,
seq_40_48,856900,
seq_40_49,833600,
seq_40_50,914700,
seq_40_51,1559200,
seq_40_52,4937900,
seq_40_53,797600,
seq_40_54,800200,
seq_40_55,778100,
seq_40_56,742000,
seq_40_57,911300,
seq_40_58,1333400,
seq_40_59,877000,
seq_40_60,862100,
seq_40_61,5572200,
seq_40_62,873900,
seq_40_63,800000,
seq_40_64,1066200,
seq_40_65,954600,
seq_40_66,988000,
seq_40_67,860200,
seq_40_68,801800,
seq_40_69,1212000,
seq_40_70,1672200,
seq_40_71,1260300,
seq_40_72,1215100,
seq_40_73,1198900,
seq_40_74,1190400,
seq_40_75,1078400,
seq_40_76,1051000,
seq_40_77,956300,
seq_40_78,1085400,
seq_40_79,5862500,
seq_40_80,882300,
seq_40_81,1308300,
seq_40_82,1054300,
seq_40_83,888100,
seq_40_84,897100,
seq_40_85,864000,
seq_40_86,865300,
seq_40_87,1355400,
seq_40_88,1091800,
seq_40_89,1059900,
seq_40_90,1062500,
seq_40_91,2520700,
seq_40_92,1171500,
seq_40_93,1236400,
seq_40_94,1166500,
seq_40_95,1180700,
seq_40_96,1223400,
seq_40_97,1010900,
seq_40_98,1042900,
seq_40_99,1023700,
seq_50_0,1317300,
seq_50_1,495200,
seq_50_2,433300,
seq_50_3,454100,
seq_50_4,464000,
seq_50_5,399900,
seq_50_6,327600,
seq_50_7,382300,
seq_50_8,398700,
seq_50_9,372400,
seq_50_10,381500,
seq_50_11,367100,
seq_50_12,407100,
seq_50_13,481800,
seq_50_14,430500,
seq_50_15,373200,
seq_50_16,386200,
seq_50_17,390200,
seq_50_18,374300,
seq_50_19,380600,
seq_50_20,480600,
seq_50_21,388400,
seq_50_22,390200,
seq_50_23,412400,
seq_50_24,383800,
seq_50_25,607700,
seq_50_26,454000,
seq_50_27,382700,
seq_50_28,335600,
seq_50_29,551300,
seq_50_30,456700,
seq_50_31,700200,
seq_50_32,353700,
seq_50_33,394300,
seq_50_34,437200,
seq_50_35,642600,
seq_50_36,470700,
seq_50_37,365900,
seq_50_38,371000,
seq_50_39,411300,
seq_50_40,431300,
seq_50_41,428800,
seq_50_42,439500,
seq_50_43,444800,
seq_50_44,419500,
seq_50_45,368000,
seq_50_46,468300,
seq_50_47,378300,
seq_50_48,371700,
seq_50_49,379700,
seq_50_50,402400,
seq_50_51,381900,
seq_50_52,354300,
seq_50_53,491200,
seq_50_54,409400,
seq_50_55,434100,
seq_50_56,385400,
seq_50_57,402400,
seq_50_58,418400,
seq_50_59,375000,
seq_50_60,380000,
seq_50_61,435800,
seq_50_62,360800,
seq_50_63,344900,
seq_50_64,367800,
seq_50_65,948400,
seq_50_66,411400,
seq_50_67,363400,
seq_50_68,521600,
seq_50_69,429500,
seq_50_70,449800,
seq_50_71,424200,
seq_50_72,416000,
seq_50_73,489700,
seq_50_74,475300,
seq_50_75,403700,
seq_50_76,773100,
seq_50_77,509300,
seq_50_78,566000,
seq_50_79,537500,
seq_50_80,491100,
seq_50_81,7069100,
seq_50_82,477300,
seq_50_83,634600,
seq_50_84,422300,
seq_50_85,462800,
seq_50_86,389600,
seq_50_87,468900,
seq_50_88,466600,
seq_50_89,422700,
seq_50_90,398400,
seq_50_91,440200,
seq_50_92,401100,
seq_50_93,419700,
seq_50_94,672100,
seq_50_95,859700,
seq_50_96,378600,
seq_50_97,388100,
seq_50_98,405700,
seq_50_99,386500,
seq_60_0,1071200,
seq_60_1,619800,
seq_60_2,823400,
seq_60_3,705400,
seq_60_4,1128700,
seq_60_5,9413700,
seq_60_6,628000,
seq_60_7,865300,
seq_60_8,628300,
seq_60_9,630700,
seq_60_10,621200,
seq_60_11,727200,
seq_60_12,625500,
seq_60_13,575900,
seq_60_14,742900,
seq_60_15,679400,
seq_60_16,626800,
seq_60_17,717800,
seq_60_18,1246200,
seq_60_19,613300,
seq_60_20,2097600,
seq_60_21,623500,
seq_60_22,563400,
seq_60_23,583000,
seq_60_24,613600,
seq_60_25,1564300,
seq_60_26,773800,
seq_60_27,594000,
seq_60_28,628900,
seq_60_29,793500,
seq_60_30,767400,
seq_60_31,752300,
seq_60_32,611500,
seq_60_33,556300,
seq_60_34,801200,
seq_60_35,669800,
seq_60_36,706500,
seq_60_37,622300,
seq_60_38,597900,
seq_60_39,622100,
seq_60_40,613500,
seq_60_41,744600,
seq_60_42,607400,
seq_60_43,590300,
seq_60_44,610900,
seq_60_45,611700,
seq_60_46,787000,
seq_60_47,1656800,
seq_60_48,705200,
seq_60_49,690600,
seq_60_50,1468200,
seq_60_51,861100,
seq_60_52,618300,
seq_60_53,657100,
seq_60_54,618600,
seq_60_55,599200,
seq_60_56,632900,
seq_60_57,625600,
seq_60_58,632000,
seq_60_59,613200,
seq_60_60,604900,
seq_60_61,1844700,
seq_60_62,607600,
seq_60_63,611900,
seq_60_64,616300,
seq_60_65,638900,
seq_60_66,633500,
seq_60_67,635600,
seq_60_68,607800,
seq_60_69,716900,
seq_60_70,460500,
seq_60_71,429000,
seq_60_72,458500,
seq_60_73,413900,
seq_60_74,484300,
seq_60_75,396900,
seq_60_76,407100,
seq_60_77,597100,
seq_60_78,442900,
seq_60_79,415500,
seq_60_80,481500,
seq_60_81,411800,
seq_60_82,384700,
seq_60_83,635800,
seq_60_84,564700,
seq_60_85,426800,
seq_60_86,701900,
seq_60_87,673200,
seq_60_88,604500,
seq_60_89,595600,
seq_60_90,585400,
seq_60_91,610500,
seq_60_92,569000,
seq_60_93,823900,
seq_60_94,681700,
seq_60_95,591700,
seq_60_96,609300,
seq_60_97,794900,
seq_60_98,652400,
seq_60_99,657900,
seq_70_0,980100,
seq_70_1,996100,
seq_70_2,959700,
seq_70_3,976200,
seq_70_4,1047800,
seq_70_5,935300,
seq_70_6,980500,
seq_70_7,969100,
seq_70_8,889900,
seq_70_9,1145600,
seq_70_10,987000,
seq_70_11,1011000,
seq_70_12,1012600,
seq_70_13,955200,
seq_70_14,950000,
seq_70_15,1086200,
seq_70_16,976500,
seq_70_17,943600,
seq_70_18,923300,
seq_70_19,892000,
seq_70_20,886700,
seq_70_21,1004600,
seq_70_22,871100,
seq_70_23,935900,
seq_70_24,986200,
seq_70_25,980100,
seq_70_26,1232700,
seq_70_27,919900,
seq_70_28,888800,
seq_70_29,877100,
seq_70_30,923800,
seq_70_31,866000,
seq_70_32,907800,
seq_70_33,884400,
seq_70_34,895600,
seq_70_35,880100,
seq_70_36,877300,
seq_70_37,884600,
seq_70_38,865900,
seq_70_39,898800,
seq_70_40,890800,
seq_70_41,945000,
seq_70_42,850400,
seq_70_43,880100,
seq_70_44,863600,
seq_70_45,829800,
seq_70_46,596400,
seq_70_47,606700,
seq_70_48,593500,
seq_70_49,689900,
seq_70_50,622800,
seq_70_51,644600,
seq_70_52,918000,
seq_70_53,922300,
seq_70_54,891100,
seq_70_55,852900,
seq_70_56,967700,
seq_70_57,956300,
seq_70_58,929000,
seq_70_59,922800,
seq_70_60,920600,
seq_70_61,940400,
seq_70_62,936500,
seq_70_63,903700,
seq_70_64,919000,
seq_70_65,924500,
seq_70_66,890400,
seq_70_67,911300,
seq_70_68,939900,
seq_70_69,917100,
seq_70_70,933600,
seq_70_71,626300,
seq_70_72,845400,
seq_70_73,1155500,
seq_70_74,911100,
seq_70_75,994400,
seq_70_76,892100,
seq_70_77,909200,
seq_70_78,920900,
seq_70_79,897700,
seq_70_80,916200,
seq_70_81,880600,
seq_70_82,962500,
seq_70_83,914700,
seq_70_84,1789400,
seq_70_85,1152200,
seq_70_86,931200,
seq_70_87,1019700,
seq_70_88,1010800,
seq_70_89,1120000,
seq_70_90,961600,
seq_70_91,938300,
seq_70_92,893900,
seq_70_93,933000,
seq_70_94,1426400,
seq_70_95,931500,
seq_70_96,906900,
seq_70_97,1231300,
seq_70_98,961000,
seq_70_99,973500,
seq_80_0,1783700,
seq_80_1,1338800,
seq_80_2,1280500,
seq_80_3,1395000,
seq_80_4,1530300,
seq_80_5,1310300,
seq_80_6,1295700,
seq_80_7,1922500,
seq_80_8,1256100,
seq_80_9,1122800,
seq_80_10,836100,
seq_80_11,855200,
seq_80_12,841400,
seq_80_13,893700,
seq_80_14,810400,
seq_80_15,849800,
seq_80_16,788900,
seq_80_17,823900,
seq_80_18,844100,
seq_80_19,847200,
seq_80_20,820900,
seq_80_21,2314900,
seq_80_22,1165300,
seq_80_23,1284400,
seq_80_24,2270000,
seq_80_25,1668400,
seq_80_26,1339700,
seq_80_27,1397800,
seq_80_28,1358000,
seq_80_29,1344500,
seq_80_30,1511800,
seq_80_31,1869900,
seq_80_32,1347000,
seq_80_33,1344100,
seq_80_34,1371500,
seq_80_35,1284000,
seq_80_36,1629100,
seq_80_37,1341600,
seq_80_38,1316000,
seq_80_39,1910400,
seq_80_40,2789300,
seq_80_41,1451500,
seq_80_42,1331600,
seq_80_43,5436200,
seq_80_44,2242900,
seq_80_45,2677200,
seq_80_46,2412500,
seq_80_47,1368400,
seq_80_48,1279700,
seq_80_49,1299100,
seq_80_50,1585600,
seq_80_51,2791600,
seq_80_52,1776500,
seq_80_53,3182300,
seq_80_54,1333100,
seq_80_55,1313000,
seq_80_56,1400700,
seq_80_57,1276800,
seq_80_58,1642300,
seq_80_59,1348300,
seq_80_60,1373600,
seq_80_61,1283000,
seq_80_62,1338000,
seq_80_63,1301100,
seq_80_64,1525100,
seq_80_65,1407900,
seq_80_66,1358300,
seq_80_67,2813700,
seq_80_68,1435200,
seq_80_69,1721500,
seq_80_70,1486700,
seq_80_71,3533100,
seq_80_72,1482400,
seq_80_73,1622900,
seq_80_74,1302400,
seq_80_75,1248600,
seq_80_76,1204400,
seq_80_77,1538800,
seq_80_78,1404000,
seq_80_79,1384800,
seq_80_80,1634900,
seq_80_81,1622900,
seq_80_82,1873300,
seq_80_83,1362000,
seq_80_84,1311600,
seq_80_85,1525200,
seq_80_86,1283800,
seq_80_87,1774100,
seq_80_88,1578600,
seq_80_89,4730500,
seq_80_90,10473100,
seq_80_91,1389200,
seq_80_92,2360300,
seq_80_93,1364200,
seq_80_94,1876500,
seq_80_95,1613900,
seq_80_96,8652700,
seq_80_97,1888500,
seq_80_98,1649400,
seq_80_99,2816800,
seq_90_0,1891300,
seq_90_1,2375700,
seq_90_2,2059800,
seq_90_3,5356400,
seq_90_4,2016400,
seq_90_5,1880500,
seq_90_6,2713000,
seq_90_7,2521000,
seq_90_8,1851400,
seq_90_9,3270200,
seq_90_10,3388300,
seq_90_11,2221300,
seq_90_12,2288500,
seq_90_13,12262000,
seq_90_14,2515800,
seq_90_15,2547200,
seq_90_16,1971900,
seq_90_17,1898100,
seq_90_18,2644200,
seq_90_19,2603400,
seq_90_20,2264900,
seq_90_21,1899900,
seq_90_22,2331600,
seq_90_23,1922200,
seq_90_24,2154000,
seq_90_25,2737200,
seq_90_26,1886600,
seq_90_27,2325200,
seq_90_28,2457700,
seq_90_29,2180200,
seq_90_30,1880900,
seq_90_31,3737800,
seq_90_32,1814200,
seq_90_33,2389800,
seq_90_34,2750800,
seq_90_35,2286600,
seq_90_36,2460500,
seq_90_37,2071300,
seq_90_38,9829300,
seq_90_39,2697300,
seq_90_40,2412000,
seq_90_41,2067000,
seq_90_42,1803700,
seq_90_43,2798900,
seq_90_44,2110100,
seq_90_45,2599000,
seq_90_46,8648800,
seq_90_47,2690600,
seq_90_48,2808900,
seq_90_49,4111600,
seq_90_50,6642300,
seq_90_51,1846000,
seq_90_52,1787600,
seq_90_53,1317900,
seq_90_54,1669100,
seq_90_55,1766600,
seq_90_56,1218700,
seq_90_57,1266700,
seq_90_58,1207600,
seq_90_59,1187400,
seq_90_60,1616300,
seq_90_61,1344000,
seq_90_62,1446800,
seq_90_63,1136400,
seq_90_64,1264300,
seq_90_65,1357500,
seq_90_66,1965600,
seq_90_67,1931700,
seq_90_68,1175600,
seq_90_69,1211100,
seq_90_70,1543600,
seq_90_71,1655500,
seq_90_72,1712900,
seq_90_73,1723100,
seq_90_74,1727400,
seq_90_75,1621500,
seq_90_76,1734100,
seq_90_77,1235000,
seq_90_78,1153800,
seq_90_79,2329500,
seq_90_80,1764900,
seq_90_81,2201500,
seq_90_82,1726000,
seq_90_83,2293900,
seq_90_84,1713500,
seq_90_85,1737600,
seq_90_86,1696600,
seq_90_87,1934000,
seq_90_88,1237700,
seq_90_89,1185600,
seq_90_90,1146200,
seq_90_91,1129000,
seq_90_92,1921300,
seq_90_93,1607900,
seq_90_94,1737300,
seq_90_95,2390000,
seq_90_96,1640900,
seq_90_97,1934000,
seq_90_98,1787400,
seq_90_99,1780300,
seq_100_0,2521600,
seq_100_1,2582500,
seq_100_2,3225000,
seq_100_3,5627600,
seq_100_4,2539200,
seq_100_5,1466100,
seq_100_6,2828000,
seq_100_7,1590200,
seq_100_8,1534900,
seq_100_9,1493600,
seq_100_10,1484500,
seq_100_11,1709200,
seq_100_12,2193300,
seq_100_13,2633700,
seq_100_14,2447700,
seq_100_15,2440500,
seq_100_16,2382600,
seq_100_17,2447800,
seq_100_18,2309500,
seq_100_19,2657000,
seq_100_20,2422900,
seq_100_21,2478100,
seq_100_22,2727600,
seq_100_23,2460700,
seq_100_24,2465100,
seq_100_25,3226300,
seq_100_26,3085300,
seq_100_27,2719700,
seq_100_28,1715700,
seq_100_29,2059500,
seq_100_30,1812900,
seq_100_31,1511200,
seq_100_32,1931500,
seq_100_33,1471800,
seq_100_34,1653700,
seq_100_35,1604100,
seq_100_36,1461900,
seq_100_37,1526200,
seq_100_38,1528700,
seq_100_39,2476600,
seq_100_40,2448100,
seq_100_41,2433300,
seq_100_42,2390800,
seq_100_43,2388700,
seq_100_44,2463100,
seq_100_45,2361900,
seq_100_46,2278400,
seq_100_47,3580900,
seq_100_48,2929300,
seq_100_49,2277900,
seq_100_50,2384500,
seq_100_51,2414800,
seq_100_52,2412900,
seq_100_53,2288000,
seq_100_54,1503200,
seq_100_55,1528900,
seq_100_56,1489200,
seq_100_57,2392100,
seq_100_58,3021500,
seq_100_59,2311100,
seq_100_60,2294600,
seq_100_61,2261100,
seq_100_62,2365700,
seq_100_63,3814000,
seq_100_64,2313200,
seq_100_65,2567000,
seq_100_66,2397500,
seq_100_67,2324100,
seq_100_68,3540000,
seq_100_69,2381100,
seq_100_70,2330500,
seq_100_71,2148700,
seq_100_72,2355200,
seq_100_73,2298700,
seq_100_74,2515300,
seq_100_75,2350100,
seq_100_76,2259700,
seq_100_77,2374000,
seq_100_78,1747600,
seq_100_79,1511300,
seq_100_80,1758900,
seq_100_81,1868900,
seq_100_82,1702300,
seq_100_83,1756400,
seq_100_84,1414100,
seq_100_85,1429500,
seq_100_86,1880100,
seq_100_87,1618300,
seq_100_88,1426200,
seq_100_89,1398600,
seq_100_90,2565800,
seq_100_91,1502500,
seq_100_92,1424200,
seq_100_93,1477400,
seq_100_94,1426000,
seq_100_95,1565200,
seq_100_96,1958700,
seq_100_97,1401200,
seq_100_98,1667000,
seq_100_99,2940100,
seq_110_0,2935900,
seq_110_1,3023800,
seq_110_2,3031000,
seq_110_3,3175100,
seq_110_4,1896700,
seq_110_5,2042700,
seq_110_6,2034200,
seq_110_7,1869200,
seq_110_8,1805800,
seq_110_9,6152400,
seq_110_10,1975000,
seq_110_11,3227500,
seq_110_12,3117300,
seq_110_13,2737000,
seq_110_14,2219800,
seq_110_15,3938200,
seq_110_16,2883100,
seq_110_17,2994500,
seq_110_18,2871700,
seq_110_19,3093900,
seq_110_20,3157900,
seq_110_21,2920900,
seq_110_22,3022000,
seq_110_23,2996400,
seq_110_24,3653300,
seq_110_25,4729200,
seq_110_26,3115500,
seq_110_27,2756000,
seq_110_28,3650800,
seq_110_29,2481000,
seq_110_30,1941500,
seq_110_31,2620600,
seq_110_32,2735600,
seq_110_33,3466700,
seq_110_34,2521100,
seq_110_35,2351500,
seq_110_36,1802300,
seq_110_37,2359500,
seq_110_38,3094500,
seq_110_39,3211100,
seq_110_40,3100500,
seq_110_41,2942600,
seq_110_42,3055800,
seq_110_43,3048100,
seq_110_44,3275600,
seq_110_45,2187600,
seq_110_46,2179900,
seq_110_47,1924900,
seq_110_48,1861100,
seq_110_49,1835700,
seq_110_50,2525800,
seq_110_51,1989600,
seq_110_52,2601200,
seq_110_53,1934600,
seq_110_54,1789500,
seq_110_55,1869900,
seq_110_56,1814400,
seq_110_57,2006200,
seq_110_58,3512600,
seq_110_59,3733900,
seq_110_60,2962500,
seq_110_61,3068500,
seq_110_62,2655800,
seq_110_63,2051200,
seq_110_64,1861300,
seq_110_65,2033700,
seq_110_66,1931000,
seq_110_67,1999700,
seq_110_68,1857100,
seq_110_69,2772200,
seq_110_70,3020700,
seq_110_71,3131400,
seq_110_72,3138600,
seq_110_73,3134400,
seq_110_74,3507300,
seq_110_75,3297200,
seq_110_76,3087100,
seq_110_77,3140600,
seq_110_78,3405000,
seq_110_79,3172400,
seq_110_80,3339500,
seq_110_81,1996800,
seq_110_82,1972800,
seq_110_83,4154100,
seq_110_84,1991700,
seq_110_85,2763500,
seq_110_86,2124400,
seq_110_87,1958900,
seq_110_88,1930500,
seq_110_89,1871900,
seq_110_90,1799100,
seq_110_91,3158400,
seq_110_92,3024600,
seq_110_93,3046600,
seq_110_94,3128400,
seq_110_95,3043300,
seq_110_96,3049900,
seq_110_97,2971100,
seq_110_98,2963600,
seq_110_99,3029600,
seq_120_0,3903000,
seq_120_1,3910200,
seq_120_2,3983300,
seq_120_3,2551600,
seq_120_4,2451800,
seq_120_5,2617600,
seq_120_6,2419000,
seq_120_7,2349900,
seq_120_8,2462400,
seq_120_9,2266400,
seq_120_10,3346800,
seq_120_11,2460200,
seq_120_12,2396800,
seq_120_13,2439500,
seq_120_14,2388600,
seq_120_15,2298900,
seq_120_16,3473400,
seq_120_17,3299500,
seq_120_18,2375800,
seq_120_19,2304300,
seq_120_20,2364800,
seq_120_21,2429800,
seq_120_22,3736500,
seq_120_23,2675500,
seq_120_24,2326400,
seq_120_25,2350800,
seq_120_26,2396000,
seq_120_27,2631100,
seq_120_28,4184100,
seq_120_29,3787200,
seq_120_30,3801800,
seq_120_31,4303100,
seq_120_32,3582400,
seq_120_33,3639000,
seq_120_34,3553000,
seq_120_35,2379700,
seq_120_36,2465100,
seq_120_37,2364200,
seq_120_38,2349400,
seq_120_39,2248400,
seq_120_40,2271200,
seq_120_41,2308200,
seq_120_42,2234100,
seq_120_43,2283600,
seq_120_44,2261400,
seq_120_45,2293000,
seq_120_46,2241700,
seq_120_47,2306600,
seq_120_48,2295800,
seq_120_49,3003100,
seq_120_50,2209400,
seq_120_51,2244800,
seq_120_52,2235000,
seq_120_53,2225500,
seq_120_54,2279300,
seq_120_55,2349600,
seq_120_56,3792100,
seq_120_57,3718400,
seq_120_58,3165100,
seq_120_59,2359800,
seq_120_60,2258500,
seq_120_61,4384900,
seq_120_62,3756200,
seq_120_63,3651900,
seq_120_64,3761300,
seq_120_65,3099300,
seq_120_66,2674600,
seq_120_67,2679200,
seq_120_68,2309900,
seq_120_69,2247700,
seq_120_70,2779000,
seq_120_71,2587600,
seq_120_72,2358900,
seq_120_73,2344400,
seq_120_74,2257500,
seq_120_75,2293200,
seq_120_76,2204200,
seq_120_77,2518100,
seq_120_78,2455000,
seq_120_79,2434300,
seq_120_80,2469200,
seq_120_81,2255300,
seq_120_82,2285800,
seq_120_83,2406600,
seq_120_84,2319500,
seq_120_85,2246400,
seq_120_86,2810100,
seq_120_87,2410100,
seq_120_88,2213900,
seq_120_89,3256300,
seq_120_90,3750300,
seq_120_91,3787800,
seq_120_92,3715200,
seq_120_93,3954200,
seq_120_94,3663900,
seq_120_95,3410300,
seq_120_96,3858600,
seq_120_97,3992100,
seq_120_98,3702900,
seq_120_99,3563300,
seq_130_0,3454200,
seq_130_1,2874200,
seq_130_2,5078300,
seq_130_3,4545900,
seq_130_4,4500000,
seq_130_5,4702200,
seq_130_6,4409700,
seq_130_7,4444600,
seq_130_8,4713200,
seq_130_9,2821600,
seq_130_10,2744800,
seq_130_11,2842300,
seq_130_12,2673800,
seq_130_13,2840600,
seq_130_14,2733600,
seq_130_15,2711900,
seq_130_16,2699100,
seq_130_17,2694100,
seq_130_18,2722700,
seq_130_19,2731100,
seq_130_20,2645500,
seq_130_21,2678700,
seq_130_22,2782200,
seq_130_23,2654400,
seq_130_24,2915700,
seq_130_25,2713800,
seq_130_26,2684000,
seq_130_27,2706800,
seq_130_28,2784700,
seq_130_29,2681700,
seq_130_30,2794900,
seq_130_31,2642300,
seq_130_32,2738200,
seq_130_33,2758100,
seq_130_34,2686200,
seq_130_35,2792700,
seq_130_36,2813700,
seq_130_37,2677800,
seq_130_38,2709100,
seq_130_39,2608000,
seq_130_40,2779900,
seq_130_41,2985200,
seq_130_42,2767800,
seq_130_43,2486000,
seq_130_44,2605200,
seq_130_45,2600600,
seq_130_46,2800200,
seq_130_47,2708500,
seq_130_48,3110800,
seq_130_49,2603900,
seq_130_50,2702600,
seq_130_51,2702100,
seq_130_52,2624100,
seq_130_53,2502300,
seq_130_54,3041800,
seq_130_55,2660800,
seq_130_56,2587700,
seq_130_57,2835000,
seq_130_58,2641200,
seq_130_59,2563900,
seq_130_60,3147800,
seq_130_61,2580200,
seq_130_62,2684200,
seq_130_63,2687000,
seq_130_64,2650300,
seq_130_65,2663600,
seq_130_66,2973400,
seq_130_67,2759600,
seq_130_68,2645400,
seq_130_69,2674400,
seq_130_70,2622000,
seq_130_71,2636200,
seq_130_72,3062400,
seq_130_73,2663000,
seq_130_74,2657600,
seq_130_75,2609200,
seq_130_76,2721300,
seq_130_77,3097800,
seq_130_78,2690300,
seq_130_79,3578600,
seq_130_80,4239000,
seq_130_81,4279200,
seq_130_82,4203000,
seq_130_83,3089200,
seq_130_84,2619300,
seq_130_85,2491800,
seq_130_86,2613600,
seq_130_87,2672400,
seq_130_88,2634800,
seq_130_89,2753500,
seq_130_90,2674700,
seq_130_91,2599700,
seq_130_92,2562000,
seq_130_93,2564900,
seq_130_94,2744300,
seq_130_95,4309800,
seq_130_96,3355900,
seq_130_97,2622800,
seq_130_98,2655100,
seq_130_99,2730200,
seq_140_0,3294400,
seq_140_1,3461700,
seq_140_2,3340000,
seq_140_3,3384500,
seq_140_4,3339400,
seq_140_5,3230900,
seq_140_6,3218400,
seq_140_7,3165400,
seq_140_8,3373800,
seq_140_9,3781400,
seq_140_10,3195600,
seq_140_11,3173000,
seq_140_12,3211900,
seq_140_13,4400300,
seq_140_14,3181500,
seq_140_15,3247000,
seq_140_16,3230200,
seq_140_17,3423200,
seq_140_18,3535800,
seq_140_19,3226900,
seq_140_20,3113400,
seq_140_21,3154800,
seq_140_22,3543800,
seq_140_23,3302600,
seq_140_24,3221500,
seq_140_25,3228100,
seq_140_26,3650500,
seq_140_27,3539700,
seq_140_28,3238500,
seq_140_29,3259400,
seq_140_30,3192800,
seq_140_31,4662100,
seq_140_32,3933200,
seq_140_33,3073000,
seq_140_34,3138000,
seq_140_35,3300000,
seq_140_36,3055200,
seq_140_37,3091700,
seq_140_38,3002900,
seq_140_39,3351600,
seq_140_40,3035000,
seq_140_41,3080400,
seq_140_42,3126500,
seq_140_43,3052300,
seq_140_44,3102800,
seq_140_45,4862900,
seq_140_46,5436300,
seq_140_47,4916600,
seq_140_48,3075500,
seq_140_49,3152400,
seq_140_50,3089700,
seq_140_51,3069200,
seq_140_52,3842400,
seq_140_53,5108000,
seq_140_54,5147300,
seq_140_55,5227200,
seq_140_56,5252600,
seq_140_57,5127700,
seq_140_58,4593900,
seq_140_59,5015400,
seq_140_60,5070100,
seq_140_61,5448200,
seq_140_62,3211500,
seq_140_63,3160400,
seq_140_64,3085600,
seq_140_65,5078200,
seq_140_66,4309900,
seq_140_67,3233500,
seq_140_68,3485800,
seq_140_69,4022700,
seq_140_70,3314100,
seq_140_71,3188600,
seq_140_72,3347600,
seq_140_73,5499000,
seq_140_74,3255300,
seq_140_75,3233400,
seq_140_76,3169300,
seq_140_77,4341100,
seq_140_78,3473500,
seq_140_79,3331400,
seq_140_80,3222300,
seq_140_81,3430200,
seq_140_82,3811400,
seq_140_83,5279100,
seq_140_84,5970600,
seq_140_85,5356600,
seq_140_86,3846500,
seq_140_87,3183800,
seq_140_88,3281400,
seq_140_89,3332200,
seq_140_90,3078600,
seq_140_91,3301900,
seq_140_92,3332600,
seq_140_93,3246100,
seq_140_94,3298500,
seq_140_95,3216000,
seq_140_96,3210400,
seq_140_97,3316700,
seq_140_98,3307800,
seq_140_99,3349100,
seq_150_0,5411000,
seq_150_1,4850000,
seq_150_2,3868000,
seq_150_3,3973600,
seq_150_4,3943700,
seq_150_5,4349200,
seq_150_6,4719600,
seq_150_7,3945900,
seq_150_8,4363400,
seq_150_9,3946300,
seq_150_10,3915100,
seq_150_11,3951100,
seq_150_12,6352100,
seq_150_13,6300700,
seq_150_14,6261800,
seq_150_15,6148200,
seq_150_16,6264800,
seq_150_17,6620800,
seq_150_18,6562100,
seq_150_19,6874800,
seq_150_20,5737400,
seq_150_21,4193200,
seq_150_22,6653800,
seq_150_23,6349400,
seq_150_24,6628700,
seq_150_25,6436500,
seq_150_26,6329500,
seq_150_27,5539000,
seq_150_28,3968800,
seq_150_29,4109800,
seq_150_30,3914600,
seq_150_31,3977100,
seq_150_32,3873700,
seq_150_33,3930000,
seq_150_34,3972300,
seq_150_35,4016900,
seq_150_36,3937200,
seq_150_37,3990400,
seq_150_38,3881800,
seq_150_39,3879300,
seq_150_40,4189500,
seq_150_41,3838800,
seq_150_42,3993000,
seq_150_43,3894500,
seq_150_44,3922800,
seq_150_45,5935100,
seq_150_46,6497800,
seq_150_47,7071400,
seq_150_48,6608700,
seq_150_49,6550000,
seq_150_50,5916600,
seq_150_51,3913800,
seq_150_52,4051700,
seq_150_53,6463500,
seq_150_54,6909100,
seq_150_55,5783700,
seq_150_56,4217600,
seq_150_57,3869900,
seq_150_58,3921500,
seq_150_59,6096600,
seq_150_60,6374500,
seq_150_61,6756600,
seq_150_62,6584900,
seq_150_63,4688400,
seq_150_64,3875500,
seq_150_65,4458300,
seq_150_66,5028400,
seq_150_67,6697400,
seq_150_68,5654600,
seq_150_69,5524800,
seq_150_70,4029200,
seq_150_71,4148400,
seq_150_72,3900800,
seq_150_73,3946700,
seq_150_74,3888400,
seq_150_75,3883100,
seq_150_76,4041300,
seq_150_77,3846700,
seq_150_78,3967700,
seq_150_79,3998700,
seq_150_80,4046800,
seq_150_81,3917400,
seq_150_82,3826700,
seq_150_83,3836900,
seq_150_84,3987900,
seq_150_85,6928200,
seq_150_86,6885700,
seq_150_87,6896300,
seq_150_88,6358800,
seq_150_89,5378800,
seq_150_90,4239100,
seq_150_91,3860800,
seq_150_92,3891200,
seq_150_93,4713700,
seq_150_94,3959900,
seq_150_95,3906700,
seq_150_96,4319800,
seq_150_97,5118400,
seq_150_98,3893900,
seq_150_99,3838800,
seq_160_0,6549200,
seq_160_1,7851500,
seq_160_2,6738000,
seq_160_3,4660000,
seq_160_4,4487800,
seq_160_5,4636600,
seq_160_6,4668400,
seq_160_7,4490600,
seq_160_8,4721500,
seq_160_9,4557300,
seq_160_10,4498700,
seq_160_11,4532800,
seq_160_12,5727200,
seq_160_13,4481300,
seq_160_14,4603500,
seq_160_15,4538100,
seq_160_16,4449700,
seq_160_17,4401400,
seq_160_18,4512000,
seq_160_19,4509800,
seq_160_20,4530700,
seq_160_21,4659900,
seq_160_22,4518500,
seq_160_23,4485700,
seq_160_24,4535200,
seq_160_25,4976800,
seq_160_26,4669500,
seq_160_27,4686800,
seq_160_28,6155700,
seq_160_29,5792200,
seq_160_30,4609000,
seq_160_31,7064800,
seq_160_32,5330100,
seq_160_33,4605800,
seq_160_34,6064800,
seq_160_35,4446100,
seq_160_36,4687900,
seq_160_37,4678500,
seq_160_38,4624300,
seq_160_39,4574500,
seq_160_40,6530200,
seq_160_41,4451700,
seq_160_42,4463100,
seq_160_43,6242100,
seq_160_44,7347300,
seq_160_45,8142200,
seq_160_46,4509000,
seq_160_47,4563600,
seq_160_48,5450600,
seq_160_49,7140900,
seq_160_50,7765000,
seq_160_51,6680500,
seq_160_52,4441700,
seq_160_53,4666600,
seq_160_54,4547900,
seq_160_55,4514000,
seq_160_56,4542600,
seq_160_57,4655300,
seq_160_58,4483400,
seq_160_59,4606200,
seq_160_60,6197200,
seq_160_61,7311000,
seq_160_62,6997700,
seq_160_63,5453900,
seq_160_64,4368700,
seq_160_65,5317000,
seq_160_66,5143900,
seq_160_67,4429900,
seq_160_68,5104900,
seq_160_69,7699200,
seq_160_70,7443300,
seq_160_71,7712100,
seq_160_72,7548900,
seq_160_73,5259000,
seq_160_74,4475200,
seq_160_75,4344000,
seq_160_76,5181000,
seq_160_77,4570800,
seq_160_78,4612400,
seq_160_79,5772600,
seq_160_80,4962600,
seq_160_81,4555500,
seq_160_82,7452500,
seq_160_83,7880000,
seq_160_84,7304200,
seq_160_85,4746400,
seq_160_86,4748000,
seq_160_87,4897700,
seq_160_88,4597000,
seq_160_89,4884900,
seq_160_90,8118800,
seq_160_91,5372700,
seq_160_92,4946000,
seq_160_93,4648400,
seq_160_94,4613500,
seq_160_95,5107900,
seq_160_96,4911400,
seq_160_97,4766500,
seq_160_98,5517900,
seq_160_99,7996700,
seq_170_0,8315500,
seq_170_1,6048500,
seq_170_2,8968900,
seq_170_3,9337100,
seq_170_4,10507200,
seq_170_5,9054900,
seq_170_6,9008200,
seq_170_7,9231500,
seq_170_8,6322500,
seq_170_9,5632500,
seq_170_10,8938600,
seq_170_11,9076400,
seq_170_12,7947900,
seq_170_13,5671000,
seq_170_14,8755100,
seq_170_15,9241600,
seq_170_16,7122000,
seq_170_17,5495700,
seq_170_18,9675600,
seq_170_19,10573800,
seq_170_20,9813700,
seq_170_21,5725100,
seq_170_22,5556700,
seq_170_23,5493900,
seq_170_24,8776400,
seq_170_25,5579500,
seq_170_26,8697400,
seq_170_27,9314200,
seq_170_28,9117600,
seq_170_29,7422100,
seq_170_30,9062200,
seq_170_31,7958100,
seq_170_32,5525600,
seq_170_33,5459900,
seq_170_34,6498100,
seq_170_35,5725500,
seq_170_36,6094700,
seq_170_37,5597700,
seq_170_38,6124400,
seq_170_39,9829200,
seq_170_40,8004700,
seq_170_41,5900600,
seq_170_42,5792100,
seq_170_43,6008900,
seq_170_44,5750400,
seq_170_45,5871700,
seq_170_46,5655000,
seq_170_47,5966900,
seq_170_48,8142600,
seq_170_49,9549800,
seq_170_50,9581100,
seq_170_51,6381300,
seq_170_52,5604000,
seq_170_53,5569300,
seq_170_54,5899100,
seq_170_55,9369000,
seq_170_56,6788800,
seq_170_57,5623500,
seq_170_58,6288300,
seq_170_59,8472200,
seq_170_60,9265300,
seq_170_61,6411100,
seq_170_62,5600300,
seq_170_63,5931300,
seq_170_64,5461000,
seq_170_65,5641000,
seq_170_66,5700100,
seq_170_67,5534800,
seq_170_68,5704400,
seq_170_69,6293500,
seq_170_70,5583400,
seq_170_71,7051100,
seq_170_72,9103900,
seq_170_73,9634100,
seq_170_74,7907200,
seq_170_75,5534000,
seq_170_76,5336800,
seq_170_77,5291900,
seq_170_78,5454300,
seq_170_79,5017600,
seq_170_80,5353800,
seq_170_81,5223500,
seq_170_82,5410600,
seq_170_83,8338300,
seq_170_84,8593000,
seq_170_85,8552200,
seq_170_86,8933500,
seq_170_87,6398400,
seq_170_88,5586400,
seq_170_89,5745500,
seq_170_90,5631200,
seq_170_91,5398400,
seq_170_92,5783600,
seq_170_93,5523000,
seq_170_94,5316100,
seq_170_95,7690100,
seq_170_96,5920600,
seq_170_97,6616200,
seq_170_98,5513200,
seq_170_99,5765700,
seq_180_0,6549400,
seq_180_1,7035200,
seq_180_2,6376200,
seq_180_3,6287700,
seq_180_4,6283100,
seq_180_5,6538300,
seq_180_6,6427500,
seq_180_7,9048700,
seq_180_8,10924600,
seq_180_9,7319800,
seq_180_10,5921300,
seq_180_11,6239000,
seq_180_12,6003600,
seq_180_13,8098100,
seq_180_14,6052600,
seq_180_15,6187600,
seq_180_16,10661300,
seq_180_17,8733200,
seq_180_18,6141500,
seq_180_19,7622600,
seq_180_20,6235900,
seq_180_21,6572300,
seq_180_22,8280000,
seq_180_23,6007100,
seq_180_24,10704700,
seq_180_25,8551300,
seq_180_26,6223200,
seq_180_27,7550200,
seq_180_28,10224100,
seq_180_29,7955100,
seq_180_30,6616100,
seq_180_31,6040200,
seq_180_32,5992200,
seq_180_33,6138500,
seq_180_34,6119400,
seq_180_35,6158500,
seq_180_36,6023200,
seq_180_37,6216100,
seq_180_38,6587700,
seq_180_39,6067000,
seq_180_40,6413100,
seq_180_41,9296500,
seq_180_42,10135600,
seq_180_43,7395700,
seq_180_44,6098800,
seq_180_45,6444700,
seq_180_46,6053900,
seq_180_47,6526300,
seq_180_48,6047100,
seq_180_49,5994500,
seq_180_50,7352000,
seq_180_51,6019200,
seq_180_52,6968400,
seq_180_53,6101800,
seq_180_54,6921300,
seq_180_55,6405200,
seq_180_56,6336400,
seq_180_57,7127400,
seq_180_58,6054500,
seq_180_59,7335300,
seq_180_60,6269000,
seq_180_61,6272000,
seq_180_62,6146300,
seq_180_63,6033500,
seq_180_64,6391900,
seq_180_65,6099500,
seq_180_66,6223400,
seq_180_67,5917800,
seq_180_68,6118600,
seq_180_69,9295800,
seq_180_70,11124800,
seq_180_71,9729500,
seq_180_72,6275700,
seq_180_73,6006100,
seq_180_74,5936600,
seq_180_75,10192600,
seq_180_76,7181500,
seq_180_77,6224300,
seq_180_78,6899200,
seq_180_79,6214400,
seq_180_80,6934500,
seq_180_81,6949100,
seq_180_82,5978700,
seq_180_83,8433900,
seq_180_84,11036300,
seq_180_85,6380700,
seq_180_86,6079500,
seq_180_87,10337700,
seq_180_88,10390600,
seq_180_89,11282000,
seq_180_90,10581500,
seq_180_91,9552200,
seq_180_92,11818100,
seq_180_93,10283400,
seq_180_94,10274000,
seq_180_95,10440400,
seq_180_96,10594100,
seq_180_97,6921200,
seq_180_98,6099900,
seq_180_99,6126400,
seq_190_0,8311800,
seq_190_1,8840900,
seq_190_2,7225900,
seq_190_3,7179700,
seq_190_4,7360400,
seq_190_5,7490800,
seq_190_6,7788700,
seq_190_7,7435200,
seq_190_8,11826300,
seq_190_9,8932800,
seq_190_10,7399900,
seq_190_11,7740300,
seq_190_12,7664000,
seq_190_13,7416700,
seq_190_14,7257600,
seq_190_15,9710900,
seq_190_16,12647500,
seq_190_17,12358300,
seq_190_18,12356100,
seq_190_19,8384200,
seq_190_20,7373100,
seq_190_21,7198100,
seq_190_22,7234800,
seq_190_23,7486500,
seq_190_24,7196400,
seq_190_25,9363700,
seq_190_26,7505800,
seq_190_27,8074200,
seq_190_28,7446500,
seq_190_29,12029600,
seq_190_30,8665900,
seq_190_31,7357600,
seq_190_32,11041600,
seq_190_33,12328600,
seq_190_34,7425600,
seq_190_35,7513600,
seq_190_36,7557100,
seq_190_37,7441000,
seq_190_38,7361800,
seq_190_39,13230900,
seq_190_40,11344600,
seq_190_41,6848400,
seq_190_42,7255400,
seq_190_43,7062900,
seq_190_44,7166500,
seq_190_45,7026500,
seq_190_46,10036500,
seq_190_47,12568200,
seq_190_48,6920900,
seq_190_49,9601100,
seq_190_50,12220800,
seq_190_51,7088100,
seq_190_52,8021400,
seq_190_53,11813500,
seq_190_54,9081200,
seq_190_55,6957200,
seq_190_56,11149500,
seq_190_57,11644300,
seq_190_58,6876100,
seq_190_59,7029900,
seq_190_60,6815400,
seq_190_61,10776700,
seq_190_62,6796700,
seq_190_63,6955200,
seq_190_64,6650200,
seq_190_65,8476900,
seq_190_66,6880300,
seq_190_67,7090300,
seq_190_68,6861800,
seq_190_69,9961500,
seq_190_70,6825000,
seq_190_71,7032800,
seq_190_72,6789900,
seq_190_73,7038300,
seq_190_74,6879800,
seq_190_75,6671200,
seq_190_76,6855000,
seq_190_77,6951400,
seq_190_78,6781100,
seq_190_79,7467000,
seq_190_80,7111500,
seq_190_81,6896800,
seq_190_82,8558500,
seq_190_83,6865600,
seq_190_84,10220100,
seq_190_85,10548700,
seq_190_86,9596200,
seq_190_87,11926900,
seq_190_88,10973500,
seq_190_89,9753600,
seq_190_90,13047000,
seq_190_91,12401300,
seq_190_92,12499900,
seq_190_93,11036800,
seq_190_94,9042700,
seq_190_95,7889000,
seq_190_96,7554500,
seq_190_97,7497500,
seq_190_98,10851100,
seq_190_99,12727500,
seq_200_0,13215900,
seq_200_1,8761400,
seq_200_2,8902100,
seq_200_3,8779000,
seq_200_4,8924900,
seq_200_5,8432900,
seq_200_6,9496700,
seq_200_7,8639300,
seq_200_8,9504100,
seq_200_9,8866400,
seq_200_10,9331800,
seq_200_11,8973300,
seq_200_12,14317800,
seq_200_13,12226300,
seq_200_14,12994100,
seq_200_15,11312300,
seq_200_16,8686400,
seq_200_17,9022800,
seq_200_18,9446300,
seq_200_19,11430800,
seq_200_20,9480000,
seq_200_21,8685200,
seq_200_22,9151500,
seq_200_23,10511600,
seq_200_24,8639100,
seq_200_25,9559300,
seq_200_26,8695800,
seq_200_27,9407200,
seq_200_28,11182600,
seq_200_29,13790700,
seq_200_30,15616000,
seq_200_31,12754700,
seq_200_32,15945800,
seq_200_33,13905900,
seq_200_34,14613000,
seq_200_35,14654100,
seq_200_36,11724200,
seq_200_37,10706900,
seq_200_38,8979900,
seq_200_39,9613700,
seq_200_40,10900300,
seq_200_41,13371100,
seq_200_42,10877400,
seq_200_43,9864800,
seq_200_44,9243900,
seq_200_45,9284300,
seq_200_46,9020000,
seq_200_47,9644300,
seq_200_48,14759000,
seq_200_49,9107900,
seq_200_50,8851300,
seq_200_51,8971200,
seq_200_52,9709200,
seq_200_53,9072100,
seq_200_54,15118800,
seq_200_55,15054300,
seq_200_56,16267800,
seq_200_57,16287900,
seq_200_58,13095000,
seq_200_59,9697000,
seq_200_60,10404600,
seq_200_61,8663700,
seq_200_62,9041500,
seq_200_63,9007700,
seq_200_64,8772900,
seq_200_65,8747100,
seq_200_66,8590100,
seq_200_67,12107600,
seq_200_68,12650200,
seq_200_69,11434000,
seq_200_70,14434400,
seq_200_71,13896400,
seq_200_72,14241200,
seq_200_73,12943300,
seq_200_74,15708400,
seq_200_75,14619900,
seq_200_76,12745100,
seq_200_77,12641500,
seq_200_78,15223800,
seq_200_79,12377900,
seq_200_80,8794400,
seq_200_81,10622500,
seq_200_82,9096100,
seq_200_83,8858200,
seq_200_84,9217200,
seq_200_85,8807700,
seq_200_86,15195000,
seq_200_87,13961500,
seq_200_88,8801400,
seq_200_89,8872300,
seq_200_90,8731100,
seq_200_91,12256100,
seq_200_92,15180700,
seq_200_93,8743600,
seq_200_94,8856800,
seq_200_95,10980200,
seq_200_96,9275300,
seq_200_97,9754900,
seq_200_98,10451700,
seq_200_99,10476400,
seq_210_0,14750500,
seq_210_1,9843600,
seq_210_2,12225400,
seq_210_3,9993700,
seq_210_4,9923200,
seq_210_5,9888300,
seq_210_6,9881900,
seq_210_7,9800600,
seq_210_8,10277200,
seq_210_9,10114200,
seq_210_10,9713200,
seq_210_11,14206800,
seq_210_12,10223800,
seq_210_13,9785300,
seq_210_14,14428800,
seq_210_15,14836800,
seq_210_16,10270000,
seq_210_17,12822800,
seq_210_18,17298800,
seq_210_19,9894300,
seq_210_20,9904800,
seq_210_21,9895100,
seq_210_22,9567800,
seq_210_23,9964200,
seq_210_24,9792600,
seq_210_25,10111900,
seq_210_26,9962500,
seq_210_27,9553400,
seq_210_28,9705000,
seq_210_29,9965400,
seq_210_30,10139700,
seq_210_31,9717000,
seq_210_32,14739500,
seq_210_33,15222800,
seq_210_34,18110500,
seq_210_35,16781300,
seq_210_36,16911300,
seq_210_37,18304200,
seq_210_38,26224400,
seq_210_39,13318700,
seq_210_40,18542700,
seq_210_41,18639500,
seq_210_42,18459600,
seq_210_43,14529800,
seq_210_44,12261300,
seq_210_45,13809900,
seq_210_46,13971600,
seq_210_47,13718100,
seq_210_48,16410000,
seq_210_49,12740300,
seq_210_50,13002700,
seq_210_51,11111100,
seq_210_52,11127800,
seq_210_53,13814500,
seq_210_54,11956200,
seq_210_55,15722300,
seq_210_56,18076700,
seq_210_57,17954700,
seq_210_58,14778500,
seq_210_59,11110000,
seq_210_60,15208600,
seq_210_61,16269100,
seq_210_62,15385300,
seq_210_63,15252600,
seq_210_64,14284400,
seq_210_65,14699300,
seq_210_66,13037600,
seq_210_67,14790600,
seq_210_68,12817800,
seq_210_69,12345700,
seq_210_70,11137900,
seq_210_71,13456200,
seq_210_72,11181300,
seq_210_73,11839300,
seq_210_74,15104000,
seq_210_75,19128900,
seq_210_76,17763300,
seq_210_77,18540400,
seq_210_78,14513300,
seq_210_79,13844500,
seq_210_80,15753100,
seq_210_81,15201300,
seq_210_82,10570600,
seq_210_83,11152600,
seq_210_84,10698100,
seq_210_85,10823200,
seq_210_86,10865100,
seq_210_87,12112300,
seq_210_88,14259900,
seq_210_89,11069500,
seq_210_90,11407900,
seq_210_91,12153900,
seq_210_92,10560300,
seq_210_93,10675600,
seq_210_94,17857200,
seq_210_95,10529500,
seq_210_96,17021700,
seq_210_97,15049600,
seq_210_98,10833800,
seq_210_99,13376600,
seq_220_0,16394200,
seq_220_1,19929900,
seq_220_2,12580900,
seq_220_3,11924900,
seq_220_4,11581900,
seq_220_5,12109300,
seq_220_6,12723600,
seq_220_7,12215500,
seq_220_8,16284800,
seq_220_9,20604700,
seq_220_10,13325600,
seq_220_11,12374300,
seq_220_12,12184400,
seq_220_13,11793400,
seq_220_14,11808900,
seq_220_15,11411900,
seq_220_16,11081900,
seq_220_17,11116300,
seq_220_18,11313800,
seq_220_19,16275500,
seq_220_20,13218900,
seq_220_21,15402400,
seq_220_22,14603600,
seq_220_23,13902700,
seq_220_24,11956800,
seq_220_25,10979500,
seq_220_26,13021500,
seq_220_27,16407400,
seq_220_28,13130400,
seq_220_29,11388900,
seq_220_30,11700400,
seq_220_31,10978700,
seq_220_32,11169600,
seq_220_33,11227700,
seq_220_34,10673900,
seq_220_35,11200400,
seq_220_36,11012700,
seq_220_37,10822900,
seq_220_38,15523300,
seq_220_39,11907200,
seq_220_40,12095600,
seq_220_41,11197700,
seq_220_42,10929300,
seq_220_43,11331000,
seq_220_44,11115100,
seq_220_45,11331800,
seq_220_46,10761400,
seq_220_47,12096800,
seq_220_48,10978000,
seq_220_49,10801300,
seq_220_50,10920200,
seq_220_51,10529200,
seq_220_52,10794800,
seq_220_53,10797800,
seq_220_54,10988400,
seq_220_55,11502900,
seq_220_56,10899700,
seq_220_57,11267700,
seq_220_58,11317800,
seq_220_59,10929500,
seq_220_60,11823000,
seq_220_61,13259700,
seq_220_62,17117500,
seq_220_63,13108900,
seq_220_64,12221200,
seq_220_65,11005700,
seq_220_66,10924500,
seq_220_67,11043900,
seq_220_68,10947200,
seq_220_69,11583800,
seq_220_70,11005500,
seq_220_71,14178100,
seq_220_72,12008500,
seq_220_73,16209900,
seq_220_74,10446100,
seq_220_75,16303600,
seq_220_76,12722900,
seq_220_77,12663200,
seq_220_78,11141900,
seq_220_79,10499100,
seq_220_80,16979600,
seq_220_81,11063000,
seq_220_82,10918200,
seq_220_83,11663700,
seq_220_84,11661600,
seq_220_85,16937300,
seq_220_86,16191400,
seq_220_87,10448400,
seq_220_88,14518600,
seq_220_89,10638200,
seq_220_90,10531300,
seq_220_91,10324400,
seq_220_92,14393200,
seq_220_93,15436400,
seq_220_94,12037800,
seq_220_95,10906500,
seq_220_96,11037100,
seq_220_97,10724000,
seq_220_98,12735700,
seq_220_99,14508900,
seq_230_0,12262000,
seq_230_1,12056400,
seq_230_2,12167700,
seq_230_3,16088000,
seq_230_4,16864500,
seq_230_5,13788100,
seq_230_6,12093200,
seq_230_7,13473500,
seq_230_8,13615200,
seq_230_9,12371300,
seq_230_10,12281400,
seq_230_11,13493900,
seq_230_12,12155900,
seq_230_13,12592900,
seq_230_14,12648100,
seq_230_15,12248800,
seq_230_16,13739500,
seq_230_17,12677800,
seq_230_18,16666200,
seq_230_19,14702400,
seq_230_20,19244700,
seq_230_21,13553400,
seq_230_22,12211600,
seq_230_23,12237400,
seq_230_24,12044900,
seq_230_25,12080500,
seq_230_26,12062200,
seq_230_27,12071000,
seq_230_28,11639900,
seq_230_29,12020200,
seq_230_30,12338400,
seq_230_31,12330600,
seq_230_32,11991700,
seq_230_33,12261700,
seq_230_34,12627600,
seq_230_35,13124800,
seq_230_36,12922300,
seq_230_37,14415500,
seq_230_38,15724200,
seq_230_39,16474500,
seq_230_40,13548500,
seq_230_41,13494100,
seq_230_42,12539100,
seq_230_43,16868200,
seq_230_44,23194000,
seq_230_45,22024500,
seq_230_46,18174800,
seq_230_47,13602000,
seq_230_48,15559100,
seq_230_49,20523100,
seq_230_50,15754500,
seq_230_51,13168800,
seq_230_52,20024400,
seq_230_53,13388800,
seq_230_54,13214700,
seq_230_55,19919800,
seq_230_56,15838100,
seq_230_57,23408400,
seq_230_58,17730200,
seq_230_59,13191200,
seq_230_60,21310300,
seq_230_61,17715300,
seq_230_62,13053900,
seq_230_63,12604700,
seq_230_64,14942700,
seq_230_65,14994400,
seq_230_66,14710500,
seq_230_67,13686700,
seq_230_68,14317200,
seq_230_69,17727900,
seq_230_70,16047200,
seq_230_71,19093700,
seq_230_72,12902900,
seq_230_73,13017300,
seq_230_74,14060600,
seq_230_75,23177300,
seq_230_76,15527800,
seq_230_77,14522100,
seq_230_78,14755100,
seq_230_79,13784600,
seq_230_80,22172400,
seq_230_81,21159200,
seq_230_82,21487900,
seq_230_83,17552700,
seq_230_84,13519500,
seq_230_85,13162100,
seq_230_86,13627700,
seq_230_87,17598100,
seq_230_88,13313300,
seq_230_89,18089900,
seq_230_90,21988100,
seq_230_91,13272000,
seq_230_92,12743300,
seq_230_93,12794400,
seq_230_94,13321000,
seq_230_95,17897300,
seq_230_96,13064300,
seq_230_97,13448700,
seq_230_98,14087200,
seq_230_99,12544300,
seq_240_0,14038000,
seq_240_1,14071200,
seq_240_2,14344900,
seq_240_3,14064600,
seq_240_4,14696400,
seq_240_5,14081000,
seq_240_6,15453400,
seq_240_7,16533800,
seq_240_8,17228700,
seq_240_9,14185000,
seq_240_10,13874700,
seq_240_11,14431800,
seq_240_12,14289700,
seq_240_13,14530200,
seq_240_14,15249300,
seq_240_15,19804100,
seq_240_16,17481500,
seq_240_17,14232900,
seq_240_18,14215500,
seq_240_19,14245500,
seq_240_20,14117800,
seq_240_21,13904900,
seq_240_22,14498100,
seq_240_23,19164800,
seq_240_24,19637100,
seq_240_25,14142700,
seq_240_26,14238100,
seq_240_27,14410400,
seq_240_28,14866200,
seq_240_29,17462500,
seq_240_30,17124400,
seq_240_31,14853100,
seq_240_32,18873000,
seq_240_33,22035400,
seq_240_34,21281800,
seq_240_35,26391100,
seq_240_36,24437400,
seq_240_37,18044300,
seq_240_38,20738700,
seq_240_39,16395800,
seq_240_40,17409600,
seq_240_41,21546700,
seq_240_42,19487500,
seq_240_43,22158800,
seq_240_44,16331100,
seq_240_45,15725000,
seq_240_46,22415200,
seq_240_47,18341700,
seq_240_48,15579600,
seq_240_49,23794900,
seq_240_50,27449700,
seq_240_51,23203300,
seq_240_52,19022200,
seq_240_53,26121400,
seq_240_54,18049400,
seq_240_55,22589400,
seq_240_56,18191500,
seq_240_57,23329200,
seq_240_58,15728400,
seq_240_59,17197500,
seq_240_60,15186400,
seq_240_61,18682800,
seq_240_62,27205800,
seq_240_63,26924700,
seq_240_64,25604900,
seq_240_65,19873400,
seq_240_66,16261700,
seq_240_67,15398900,
seq_240_68,15678800,
seq_240_69,23924100,
seq_240_70,17679800,
seq_240_71,26029000,
seq_240_72,21136800,
seq_240_73,19297600,
seq_240_74,16689700,
seq_240_75,16160300,
seq_240_76,22810100,
seq_240_77,16779600,
seq_240_78,30838400,
seq_240_79,27473900,
seq_240_80,25238600,
seq_240_81,27817800,
seq_240_82,23664700,
seq_240_83,24089300,
seq_240_84,17165800,
seq_240_85,16397500,
seq_240_86,23172500,
seq_240_87,18208800,
seq_240_88,17606300,
seq_240_89,17557900,
seq_240_90,17410600,
seq_240_91,23412100,
seq_240_92,16040800,
seq_240_93,15579500,
seq_240_94,17603300,
seq_240_95,29152700,
seq_240_96,18433700,
seq_240_97,17426500,
seq_240_98,16631500,
seq_240_99,26476400,
seq_250_0,